{

	"metadata" :
	{
		"formatVersion" : 3.1,
		"generatedBy"   : "Blender 2.7 Exporter",
		"vertices"      : 56,
		"faces"         : 54,
		"normals"       : 32,
		"colors"        : 0,
		"uvs"           : [150],
		"materials"     : 1,
		"morphTargets"  : 0,
		"bones"         : 0
	},

	"scale" : 1.000000,

	"materials" : [	{
		"DbgColor" : 15658734,
		"DbgIndex" : 0,
		"DbgName" : "Material",
		"blending" : "NormalBlending",
		"colorAmbient" : [0.6400000190734865, 0.6400000190734865, 0.6400000190734865],
		"colorDiffuse" : [0.6400000190734865, 0.6400000190734865, 0.6400000190734865],
		"colorEmissive" : [0.0, 0.0, 0.0],
		"colorSpecular" : [0.5, 0.5, 0.5],
		"depthTest" : true,
		"depthWrite" : true,
		"mapDiffuse" : "wood.jpg",
		"mapDiffuseWrap" : ["repeat", "repeat"],
		"shading" : "Lambert",
		"specularCoef" : 50,
		"transparency" : 1.0,
		"transparent" : false,
		"vertexColors" : false
	}],

	"vertices" : [1,-1,-1,1,-1,1,-1,-1,1,-1,-1,-1,1,1,-1,0.999999,1,1,-1,1,1,-1,1,-1,1,-0.87,-0.87,1,-0.87,0.87,1,0.87,-0.87,0.999999,0.87,0.87,0.95,-0.87,-0.87,0.95,-0.87,0.87,0.95,0.87,-0.87,0.949999,0.87,0.87,0.85,-0.85,1,-0.85,-0.85,1,0.849999,0.85,1,-0.85,0.85,1,0.85,-0.85,0.95,-0.85,-0.85,0.95,0.849999,0.85,0.95,-0.85,0.85,0.95,0.85,1,-0.85,0.849999,1,0.850001,-0.85,1,0.85,-0.85,1,-0.85,0.85,0.95,-0.85,0.849999,0.95,0.850001,-0.85,0.95,0.85,-0.85,0.95,-0.85,-1,-0.85,0.85,-1,-0.85,-0.85,-1,0.85,0.85,-1,0.85,-0.85,-0.95,-0.85,0.85,-0.95,-0.85,-0.85,-0.95,0.85,0.85,-0.95,0.85,-0.85,0.85,-0.85,-1,-0.85,-0.85,-1,0.85,0.85,-1,-0.85,0.85,-1,0.85,-0.85,-0.95,-0.85,-0.85,-0.95,0.85,0.85,-0.95,-0.85,0.85,-0.95,0.85,-1,-0.85,0.85,-1,0.85,-0.85,-1,0.85,-0.85,-1,-0.85,0.85,-0.95,-0.85,0.85,-0.95,0.85,-0.85,-0.95,0.85,-0.85,-0.95,-0.85],

	"morphTargets" : [],

	"normals" : [-0.577349,-0.577349,0.577349,-0.577349,-0.577349,-0.577349,0.301492,-0.904508,0.301492,0.301492,-0.904508,-0.301492,-0.577349,0.577349,-0.577349,-0.577349,0.577349,0.577349,0.301492,0.904508,-0.301492,0.301492,0.904508,0.301492,0.577349,0.577349,-0.577349,0.577349,0.577349,0.577349,0.904508,-0.301492,-0.301492,0.904508,-0.301492,0.301492,0.301492,-0.301492,0.904508,-0.301492,-0.301492,0.904508,-0.904508,-0.301492,0.301492,-0.904508,-0.301492,-0.301492,-0.301492,-0.301492,-0.904508,0.301492,-0.301492,-0.904508,0.577349,-0.577349,-0.577349,0.577349,-0.577349,0.577349,0.904508,0.301492,-0.301492,0.904508,0.301492,0.301492,0.301492,0.301492,0.904508,-0.301492,0.301492,0.904508,-0.301492,0.904508,-0.301492,-0.301492,0.904508,0.301492,-0.904508,0.301492,0.301492,-0.904508,0.301492,-0.301492,0.301492,0.301492,-0.904508,-0.301492,0.301492,-0.904508,-0.301492,-0.904508,-0.301492,-0.301492,-0.904508,0.301492],

	"colors" : [],

	"uvs" : [[1,0,1,1,1.075,0.925,1.075,0.075,0,0,-0,-1,0.075,-0.925,0.075,-0.075,0.749527,0.002008,0.749527,1.00201,0.684527,0.937008,0.684527,0.067008,0.346875,-0.001562,0.346875,0.998438,0.271875,0.923438,0.271875,0.073438,0.201417,1.00197,0.201418,0.001969,0.126418,0.076969,0.126417,0.926968,0.840098,1.00073,0.840099,0.000728,0.765099,0.075728,0.765098,0.925728,0,0.935,-0,0.065,-0.025,0.065,-0.025,0.935,1,-1,1.065,-0.935,1.065,-0.065,0.352205,0,0.352204,1,0.287204,0.935,0.287205,0.065,0.365937,0.999688,0.365938,-0.000312,0.430937,0.064688,0.430937,0.934688,0.992812,0.222813,0.992812,0.9975,0.230625,0.9975,0.230625,0.222813,1,0.935,1,0.065,0.975,0.065,0.975,0.935,0.326562,0.148437,0.326562,0.998437,0.351562,0.998437,0.351562,0.148437,1.075,-0.925,1.075,-0.075,-0,1,-0.075,0.925,-0.075,0.075,0.89375,1,0.89375,0,0.96875,0.075,0.96875,0.925,0.889062,0.217187,0.889062,1,0.101562,1,0.101562,0.217187,0,0.925,0,0.075,0.025,0.075,0.025,0.925,0.89375,0.996875,0.89375,0.146875,0.91875,0.146875,0.91875,0.996875,0.394382,0.066468,0.394382,0.916468,0.369382,0.916468,0.369382,0.066468,0.385661,1.00013,0.385661,0.000127,0.46066,0.075127,0.460661,0.925127,0.25192,0.993967,0.25192,-0.006034,0.32692,0.068967,0.32692,0.918967,1,2,0.925,1.925,0.925,1.075,0.889063,0.81875,0.1,0.81875,0.1,0.075,0.889062,0.075,0.394382,0.916469,0.394382,0.066469,0.369382,0.066469,0.369382,0.916469,1,0.075,1,0.925,1.025,0.925,1.025,0.075,-0.075,-0.925,-0.075,-0.075,0.765177,0.00248,0.765177,1.00248,0.840177,0.92748,0.840177,0.07748,0.277284,0.002559,0.277284,1.00256,0.352284,0.927559,0.352284,0.077559,0.226563,-0.001563,0.226563,0.71875,0.99375,0.71875,0.99375,-0.001563,0.923943,0.942061,0.923943,0.092061,0.898943,0.092061,0.898943,0.942061,0.075,0.925,0.075,0.075,0.12199,0.002096,0.12199,1.0021,0.19699,0.927096,0.19699,0.077096,0.754688,0.76875,0.754687,-0,0,0.76875,0.942973,0.080906,0.942972,0.930906,0.917972,0.930906,0.917973,0.080906,0.935035,0.932875,0.935035,0.082874,0.910035,0.082874,0.910035,0.932875,0.900912,0.931625,0.900912,0.081625,0.925912,0.081625,0.925912,0.931625,0.110178,-0.001841,0.110178,0.998159,0.185178,0.923159,0.185178,0.073159,0.750112,0.999935,0.750112,-6.5e-05,0.675112,0.074935,0.675112,0.924935,0.885938,0.990625,0.885938,0.25,0.103125,0.25,0.103125,0.990625]],

	"faces" : [43,2,3,51,50,0,0,1,2,3,0,1,2,3,43,7,6,26,27,0,4,5,6,7,4,5,6,7,43,4,5,11,10,0,8,9,10,11,8,9,10,11,43,5,6,19,18,0,12,13,14,15,9,5,12,13,43,6,7,35,34,0,16,17,18,19,5,4,14,15,43,7,4,42,43,0,20,21,22,23,4,8,16,17,43,10,11,15,14,0,24,25,26,27,11,10,18,19,43,5,1,9,11,0,0,28,29,30,9,19,20,10,43,0,4,10,8,0,31,32,33,34,18,8,11,21,43,1,0,8,9,0,35,36,37,38,19,18,21,20,43,12,14,15,13,0,39,40,41,42,9,19,18,8,43,11,9,13,15,0,43,44,45,46,10,20,8,18,43,8,10,14,12,0,25,24,27,26,21,11,19,9,43,9,8,12,13,0,25,24,27,26,20,21,9,8,43,18,19,23,22,0,47,48,49,50,13,12,19,0,43,6,2,17,19,0,0,28,51,52,5,0,22,12,43,1,5,18,16,0,4,53,54,55,19,9,13,23,43,2,1,16,17,0,56,57,58,59,0,19,23,22,43,20,22,23,21,0,60,61,62,63,5,0,19,9,43,19,17,21,23,0,64,65,66,67,12,22,9,19,43,16,18,22,20,0,65,64,67,66,23,13,0,5,43,17,16,20,21,0,68,69,70,71,22,23,5,9,43,27,26,30,31,0,72,73,74,75,7,6,8,9,43,6,5,25,26,0,76,77,78,79,5,9,24,6,43,4,7,27,24,0,80,81,82,83,8,4,7,25,43,5,4,24,25,0,1,84,85,86,9,8,25,24,43,28,31,30,29,0,87,88,89,90,5,9,8,4,43,26,25,29,30,0,91,92,93,94,6,24,4,8,43,24,27,31,28,0,72,91,94,75,25,7,9,5,43,25,24,28,29,0,91,92,93,94,24,25,5,4,43,34,35,39,38,0,95,96,97,98,15,14,0,1,43,7,3,33,35,0,4,5,99,100,4,1,26,14,43,2,6,34,32,0,101,102,103,104,0,5,15,27,43,3,2,32,33,0,105,106,107,108,1,0,27,26,43,36,38,39,37,0,109,110,111,112,4,1,0,5,43,35,33,37,39,0,64,65,66,67,14,26,5,0,43,32,34,38,36,0,95,96,97,98,27,15,1,4,43,33,32,36,37,0,64,65,66,67,26,27,4,5,43,43,42,46,47,0,113,114,115,116,17,16,1,18,43,3,7,43,41,0,4,53,117,118,1,4,17,28,43,4,0,40,42,0,4,5,99,100,8,18,29,16,43,0,3,41,40,0,119,120,121,122,18,1,28,29,43,46,44,45,47,0,123,124,4,125,1,4,8,18,43,41,43,47,45,0,126,127,128,129,28,17,18,8,43,42,40,44,46,0,130,131,132,133,16,29,4,1,43,40,41,45,44,0,114,113,116,115,29,28,8,4,43,50,51,55,54,0,134,135,136,137,3,2,19,18,43,1,2,50,49,0,138,139,140,141,19,0,3,30,43,3,0,48,51,0,142,143,144,145,1,18,31,2,43,0,1,49,48,0,4,5,99,100,18,19,30,31,43,52,53,54,55,0,146,147,148,149,0,1,18,19,43,49,50,54,53,0,135,134,137,136,30,3,18,1,43,51,48,52,55,0,134,135,136,137,2,31,0,19,43,48,49,53,52,0,135,134,137,136,31,30,1,0],

	"bones" : [],

	"skinIndices" : [],

	"skinWeights" : [],

  "animations" : []


}
